{"Title":{"ChangeSceneButtonY":0.35600000619888306,"value":50.599998474121094},"value":22.399999618530273}