{"ChangeSceneButton":{"posX":-0.22200000286102295,"posY":0.3779999911785126}}