{"tuna":{"loadFile":"tuna.jpg","positionX":0.3499999940395355,"positionY":0.30000001192092896,"positionZ":0.0,"rotateX":0.0,"rotateY":0.0,"rotateZ":0.0,"scaleX":1.0,"scaleY":1.0,"scaleZ":1.0,"alpha":255.0}}