{"ChangeSceneButton":{"posX":0.6000000238418579,"posY":0.289000004529953}}