{"Button":{"value":22.399999618530273},"value":22.399999618530273}